"Freq [GHz]","Phase [deg]","Distance [um]","(phase3*180/pi) []","phase4*180/pi []"
181,0,0,-61.2487118392416,127.663002966454
181,0,6.78,-61.4390828617511,127.658122702122
181,0,13.56,-61.452876085533,127.653258239474
181,0,20.34,-61.466649226962,127.648409501885
181,0,27.12,-61.4804023282955,127.643576413224
181,0,33.9,-61.4941354316775,127.638758897849
181,0,40.68,-61.5078485791384,127.633956880606
181,0,47.46,-61.5215418125958,127.629170286823
181,0,54.24,-61.5352151738544,127.624399042307
181,0,61.02,-61.5488687046071,127.619643073337
181,0,67.8,-61.5625024464346,127.614902306667
181,0,74.58,-61.576116440806,127.610176669514
181,0,81.36,-61.5897107290795,127.605466089561
181,0,88.14,-61.6032853525023,127.600770494952
181,0,94.92,-61.2751223474597,127.596089814283
181,0,101.7,-61.2820382462932,127.591423976605
181,0,108.48,-61.2889381814387,127.58677291142
181,0,115.26,-61.2958222078895,127.58213654867
181,0,122.04,-61.3026903803879,127.577514818744
181,0,128.82,-61.3095427534259,127.572907652467
181,0,135.6,-61.3163793812471,128.005680196156
181,0,142.38,-61.3232003178481,127.300660796142
181,0,149.16,-61.3300056169796,127.932410679864
181,0,155.94,-61.336795332148,127.933456743749
181,0,162.72,-61.3435695166168,127.934503756601
181,0,169.5,-61.3503282234077,127.935551719724
181,0,176.28,-61.3570715053026,127.936600634426
181,0,183.06,-61.3637994148442,127.937650502015
181,0,189.84,-61.1684075367823,127.938701323804
181,0,196.62,-61.1694517366929,127.939753101105
181,0,203.4,-61.1704969428374,127.940805835237
181,0,210.18,-61.1715431566718,127.941859527518
181,0,216.96,-61.1725903796551,127.942914179269
181,0,223.74,-61.1736386132494,127.943969791815
181,0,230.52,-61.1746878589191,127.94502636648
181,0,237.3,-61.1757381181317,127.946083904595
181,0,244.08,-61.1767893923575,127.94714240749
181,0,250.86,-61.1778416830698,127.948201876498
181,0,257.64,-61.1827852428688,127.945064534712
181,0,264.42,-61.1789373437404,127.943348967655
181,0,271.2,-61.175085628924,127.941630825507
181,0,277.98,-61.1712300928131,127.939910102463
181,0,284.76,-61.1673707297903,127.938186792697
181,0,291.54,-61.1635075342273,127.936460890369
181,0,298.32,-61.1514290135377,128.07095954375
181,0,305.1,-61.1435511253138,128.067528075376
181,0,311.88,-61.1356807168543,128.064097752754
181,0,318.66,-61.1278177778852,127.983587232329
181,0,325.44,-61.1199622981504,127.972570401194
181,0,332.22,-61.1121142674119,127.961591309276
181,0,339,-61.1042736754502,127.950649763832
181,0,345.78,-61.2003920847762,127.906952436116
181,0,352.56,-61.2048589047659,127.907384454241
181,0,359.34,-61.2093262753606,127.907815930699
181,0,366.12,-61.2137941965927,127.908246866461
181,0,372.9,-61.3446503340452,127.90867726249
181,0,379.68,-61.3326827322066,127.909107119752
181,0,386.46,-61.3207136390978,127.909536439206
181,0,393.24,-61.3087430554667,127.909965221813
181,0,400.02,-61.2967709820619,127.910393468528
181,0,406.8,-61.2847974196328,127.910821180306
181,0,413.58,-61.2728223689293,127.9112483581
181,0,420.36,-61.2608458307021,127.911675002858
181,0,427.14,-61.2488678057027,127.912101115529
181,0,433.92,-61.2379178032715,127.912526697059
181,0,440.7,-61.2312214764101,127.91295174839
181,0,447.48,-61.2245259681109,127.98556693403
181,0,454.26,-61.2178312784159,127.99288865143
181,0,461.04,-61.2588604018529,128.000221557867
181,0,467.82,-61.2639613452282,128.007565678789
181,0,474.6,-61.2690599665544,127.629802711181
181,0,481.38,-61.274156267319,127.952293133379
181,0,488.16,-61.279250249008,127.921055376963
181,0,494.94,-61.2843419131064,127.889869437974
181,0,501.72,-61.2894312610978,127.858735206108
181,0,508.5,-61.2945182944648,127.827652571302
181,0,515.28,-61.2996030146889,127.796621423738
181,0,522.06,-61.30468542325,127.765641653839
181,0,528.84,-61.3311220709034,127.734713152269
181,0,535.62,-61.3251492498838,127.703835809935
181,0,542.4,-61.3191771719761,127.673009517986
181,0,549.18,-61.2724568816777,127.873113473452
181,0,555.96,-61.2720267800879,127.86241010333
181,0,562.74,-61.2715945544109,127.85167829573
181,0,569.52,-61.2711601889819,127.840917937881
181,0,576.3,-61.270723667982,127.830128916422
181,0,583.08,-61.3623113766681,127.819311117395
181,0,589.86,-61.3677350268963,127.985198633024
181,0,596.64,-61.3731625991001,127.976288042366
181,0,603.42,-61.3785940974862,127.967379332454
181,0,610.2,-61.5669291633599,127.958472503141
181,0,616.98,-61.5385520700453,127.949567554282
181,0,623.76,-61.5101203534147,127.940664485728
181,0,630.54,-61.4816338696244,127.931763297332
181,0,637.32,-61.4530924743842,127.922863988945
181,0,644.1,-61.4244960229562,127.913966560421
181,0,650.88,-61.3958443701529,127.905071011609
181,0,657.66,-61.3671373703364,127.896177342362
181,0,664.44,-61.3383748774165,127.88728555253
181,0,671.22,-61.3095567448496,127.878395641963
181,0,678,-61.2806828256369,127.869507610513
182.625,0,0,-75.6373523037571,113.393952260045
182.625,0,6.78,-75.8326392593247,113.388940181513
182.625,0,13.56,-75.8467798311203,113.383944644148
182.625,0,20.34,-75.8608994847919,113.378965566289
182.625,0,27.12,-75.8749982649997,113.374002866815
182.625,0,33.9,-75.8890762162825,113.369056465132
182.625,0,40.68,-75.9031333830575,113.364126281178
182.625,0,47.46,-75.9171698096207,113.35921223541
182.625,0,54.24,-75.9311855401477,113.354314248808
182.625,0,61.02,-75.9451806186939,113.349432242863
182.625,0,67.8,-75.9591550891947,113.344566139578
182.625,0,74.58,-75.973108995466,113.339715861463
182.625,0,81.36,-75.9870423812049,113.334881331528
182.625,0,88.14,-76.0009552899896,113.330062473284
182.625,0,94.92,-75.6648791720354,113.325259210733
182.625,0,101.7,-75.6719839158833,113.32047146837
182.625,0,108.48,-75.6790719638927,113.315699171175
182.625,0,115.26,-75.6861433746192,113.31094224461
182.625,0,122.04,-75.6931982063462,113.306200614615
182.625,0,128.82,-75.7002365170859,113.301474207606
182.625,0,135.6,-75.7072583645813,113.745574486074
182.625,0,142.38,-75.7142638063075,113.022095662357
182.625,0,149.16,-75.7212528994736,113.670813049807
182.625,0,155.94,-75.7282257010237,113.671897073919
182.625,0,162.72,-75.7351822676389,113.672982124555
182.625,0,169.5,-75.7421226557385,113.674068203154
182.625,0,176.28,-75.7490469214817,113.675155311155
182.625,0,183.06,-75.7559551207692,113.676243450001
182.625,0,189.84,-75.5554190130621,113.677332621136
182.625,0,196.62,-75.5564878003248,113.678422826009
182.625,0,203.4,-75.5575576351609,113.679514066072
182.625,0,210.18,-75.5586285191146,113.680606342776
182.625,0,216.96,-75.559700453733,113.681699657579
182.625,0,223.74,-75.5607734405662,113.682794011939
182.625,0,230.52,-75.5618474811674,113.683889407318
182.625,0,237.3,-75.562922577093,113.68498584518
182.625,0,244.08,-75.5639987299021,113.686083326993
182.625,0,250.86,-75.5650759411573,113.687181854226
182.625,0,257.64,-75.5701040071971,113.683693541695
182.625,0,264.42,-75.5661441694044,113.681918524351
182.625,0,271.2,-75.5621803795963,113.680140778363
182.625,0,277.98,-75.5582126318675,113.678360297465
182.625,0,284.76,-75.5542409203006,113.676577075375
182.625,0,291.54,-75.5502652389669,113.674791105789
182.625,0,298.32,-75.5377855363444,113.813271073664
182.625,0,305.1,-75.5296968004788,113.809761023232
182.625,0,311.88,-75.5216158065295,113.806252161527
182.625,0,318.66,-75.5135425437047,113.723931776572
182.625,0,325.44,-75.505477001232,113.71258113392
182.625,0,332.22,-75.4974191683581,113.701270058838
182.625,0,339,-75.4893690343493,113.689998345587
182.625,0,345.78,-75.5881241896128,113.644586667977
182.625,0,352.56,-75.5927146592124,113.645044413648
182.625,0,359.34,-75.5973056632654,113.645501613809
182.625,0,366.12,-75.601897201797,113.645958269452
182.625,0,372.9,-75.7362928128039,113.646414381567
182.625,0,379.68,-75.7240057585613,113.64686995114
182.625,0,386.46,-75.7117171927043,113.647324979157
182.625,0,393.24,-75.6994271161076,113.647779466599
182.625,0,400.02,-75.6871355296468,113.648233414447
182.625,0,406.8,-75.6748424341982,113.648686823678
182.625,0,413.58,-75.6625478306388,113.649139695268
182.625,0,420.36,-75.6502517198465,113.649592030189
182.625,0,427.14,-75.6379541026999,113.650043829412
182.625,0,433.92,-75.6267339265496,113.650495093905
182.625,0,440.7,-75.6198680649372,113.650945824634
182.625,0,447.48,-75.613003047744,113.725752554778
182.625,0,454.26,-75.6061388750067,113.733297415383
182.625,0,461.04,-75.648355369471,113.740854021907
182.625,0,467.82,-75.6535870635417,113.74842240153
182.625,0,474.6,-75.6588163284287,113.360157884686
182.625,0,481.38,-75.6640431657122,113.691903893645
182.625,0,488.16,-75.6692675769711,113.659769580197
182.625,0,494.94,-75.674489563783,113.627689334528
182.625,0,501.72,-75.6797091277242,113.595663040283
182.625,0,508.5,-75.6849262703699,113.563690581368
182.625,0,515.28,-75.6901409932938,113.531771841942
182.625,0,522.06,-75.6953532980684,113.499906706421
182.625,0,528.84,-75.7224859759954,113.468095059477
182.625,0,535.62,-75.7163448047793,113.436336786036
182.625,0,542.4,-75.7102044181755,113.404631771279
182.625,0,549.18,-75.6621110700477,113.609610134953
182.625,0,555.96,-75.6616912378841,113.598658920236
182.625,0,562.74,-75.6612692802914,113.587678137432
182.625,0,569.52,-75.6608451813205,113.576667667395
182.625,0,576.3,-75.6604189248621,113.565627390346
182.625,0,583.08,-75.7545944147057,113.554557185862
182.625,0,589.86,-75.7601738179287,113.725384922325
182.625,0,596.64,-75.7657573597511,113.716237243213
182.625,0,603.42,-75.7713450446983,113.707091530867
182.625,0,610.2,-75.9649775866059,113.697947785113
182.625,0,616.98,-75.9358183661778,113.688806005774
182.625,0,623.76,-75.9066019934253,113.679666192676
182.625,0,630.54,-75.8773283154261,113.670528345643
182.625,0,637.32,-75.8479971787774,113.661392464498
182.625,0,644.1,-75.8186084295944,113.652258549064
182.625,0,650.88,-75.7891619135082,113.643126599165
182.625,0,657.66,-75.759657475665,113.633996614624
182.625,0,664.44,-75.7300949607239,113.624868595262
182.625,0,671.22,-75.7004742128558,113.615742540902
182.625,0,678,-75.6707950757419,113.606618451365
184.25,0,0,-90.0293152976482,99.122756828114
184.25,0,6.78,-90.229589747389,99.117610818165
184.25,0,13.56,-90.2440825028394,99.1124820671665
184.25,0,20.34,-90.2585535148295,99.1073704883857
184.25,0,27.12,-90.2730028303905,99.1022759956696
184.25,0,33.9,-90.287430496424,99.0971985034399
184.25,0,40.68,-90.301836559702,99.0921379266883
184.25,0,47.46,-90.3162210668676,99.0870941809717
184.25,0,54.24,-90.3305840644354,99.0820671824079
184.25,0,61.02,-90.3449255987918,99.0770568476705
184.25,0,67.8,-90.3592457161955,99.0720630939843
184.25,0,74.58,-90.3735444627781,99.0670858391212
184.25,0,81.36,-90.387821884544,99.0621250013953
184.25,0,88.14,-90.4020780273714,99.0571804996585
184.25,0,94.92,-90.057989575056,99.0522522532963
184.25,0,101.7,-90.0652866283041,99.0473401822231
184.25,0,108.48,-90.0725662302024,99.0424442068782
184.25,0,115.26,-90.0798284430559,99.0375642482212
184.25,0,122.04,-90.0870733288745,99.032700227728
184.25,0,128.82,-90.0943009493747,99.0278520673865
184.25,0,135.6,-90.1015113659811,99.4834735947158
184.25,0,142.38,-90.1087046398288,98.7412257529478
184.25,0,149.16,-90.1158808317643,99.4072081755946
184.25,0,155.94,-90.1230400023477,99.4083318279612
184.25,0,162.72,-90.1301822118543,99.4094565454856
184.25,0,169.5,-90.1373075202761,99.4105823296846
184.25,0,176.28,-90.1444159873236,99.4117091820778
184.25,0,183.06,-90.1515076724272,99.4128371041877
184.25,0,189.84,-89.9457463617719,99.4139660975395
184.25,0,196.62,-89.9468399965219,99.4150961636616
184.25,0,203.4,-89.9479347285685,99.4162273040851
184.25,0,210.18,-89.9490305595575,99.4173595203441
184.25,0,216.96,-89.9501274911382,99.4184928139756
184.25,0,223.74,-89.9512255249632,99.4196271865196
184.25,0,230.52,-89.9523246626884,99.4207626395189
184.25,0,237.3,-89.9534249059729,99.4218991745193
184.25,0,244.08,-89.9545262564792,99.4230367930696
184.25,0,250.86,-89.9556287158732,99.4241754967214
184.25,0,257.64,-89.9607414609204,99.4203098733553
184.25,0,264.42,-89.9566675482268,99.4184734944916
184.25,0,271.2,-89.9525894766435,99.4166342432264
184.25,0,277.98,-89.9485072398288,99.4147921128304
184.25,0,284.76,-89.9444208314285,99.4129470965534
184.25,0,291.54,-89.9403302450754,99.4110991876237
184.25,0,298.32,-89.9274361841056,99.5536474063333
184.25,0,305.1,-89.9191323721205,99.5500577897151
184.25,0,311.88,-89.9108366753666,99.5464694133273
184.25,0,318.66,-89.9025490823371,99.462333880551
184.25,0,325.44,-89.8942695815457,99.4506413899665
184.25,0,332.22,-89.8859981615275,99.4389903919979
184.25,0,339,-89.8777348108382,99.4273806670298
184.25,0,345.78,-89.9791805280108,99.3801995603591
184.25,0,352.56,-89.983896479718,99.3806845972993
184.25,0,359.34,-89.9886129887444,99.3811690256767
184.25,0,366.12,-89.9933300551149,99.3816528466165
184.25,0,372.9,-90.1313249867836,99.3821360612413
184.25,0,379.68,-90.1187133339373,99.382618670671
184.25,0,386.46,-90.1061001189571,99.3831006760224
184.25,0,393.24,-90.0934853427401,99.3835820784099
184.25,0,400.02,-90.080869006184,99.384062878945
184.25,0,406.8,-90.0682511101876,99.3845430787366
184.25,0,413.58,-90.0556316556504,99.3850226788907
184.25,0,420.36,-90.0430106434727,99.3855016805108
184.25,0,427.14,-90.0303880745558,99.3859800846974
184.25,0,433.92,-90.0188969271517,99.3864578925485
184.25,0,440.7,-90.0118589960096,99.3869351051596
184.25,0,447.48,-90.0048219494391,99.4639852585798
184.25,0,454.26,-89.9977857874842,99.4717585586923
184.25,0,461.04,-90.0412102501538,99.4795441692176
184.25,0,467.82,-90.0465742960081,99.4873421191434
184.25,0,474.6,-90.0519358001239,99.0883694234734
184.25,0,481.38,-90.0572947642057,99.4295626785542
184.25,0,488.16,-90.0626511899568,99.3965130437782
184.25,0,494.94,-90.068005079079,99.3635198220235
184.25,0,501.72,-90.0733564332727,99.3305828908052
184.25,0,508.5,-90.0787052542369,99.2977021279074
184.25,0,515.28,-90.084051543669,99.2648774113825
184.25,0,522.06,-90.0893953032652,99.232108619551
184.25,0,528.84,-90.117241726052,99.1993956310016
184.25,0,535.62,-90.110929032948,99.1667383245902
184.25,0,542.4,-90.1046171741497,99.1341365794405
184.25,0,549.18,-90.0551226377501,99.3440529436056
184.25,0,555.96,-90.0547134725924,99.3328507699821
184.25,0,562.74,-90.0543021868183,99.321617839418
184.25,0,569.52,-90.0538887642419,99.3103540260482
184.25,0,576.3,-90.0534731885122,99.2990592033252
184.25,0,583.08,-90.1502897066035,99.2877332440135
184.25,0,589.86,-90.1560276181965,99.4636154880904
184.25,0,596.64,-90.1617698979614,99.4542266411352
184.25,0,603.42,-90.1675165507121,99.4448398402186
184.25,0,610.2,-90.3665526694046,99.4354550851749
184.25,0,616.98,-90.3365965830853,99.4260723758377
184.25,0,623.76,-90.3065807254598,99.4166917120403
184.25,0,630.54,-90.2765049339562,99.407313093616
184.25,0,637.32,-90.246369045485,99.3979365203972
184.25,0,644.1,-90.2161728964374,99.3885619922162
184.25,0,650.88,-90.1859163226829,99.3791895089051
184.25,0,657.66,-90.1555991595686,99.3698190702953
184.25,0,664.44,-90.125221241917,99.3604506762181
184.25,0,671.22,-90.0947824040244,99.3510843265042
184.25,0,678,-90.0642824796592,99.3417200209843
185.875,0,0,-104.424673579457,84.8493912433812
185.875,0,6.78,-104.630013418807,84.8441084497488
185.875,0,13.56,-104.644863267658,84.8388437052312
185.875,0,20.34,-104.659690502843,84.8335969175084
185.875,0,27.12,-104.674495174019,84.8283679948883
185.875,0,33.9,-104.689277330701,84.8231568463015
185.875,0,40.68,-104.704037022267,84.8179633812958
185.875,0,47.46,-104.718774297958,84.8127875100313
185.875,0,54.24,-104.733489206875,84.8076291432749
185.875,0,61.02,-104.748181797983,84.8024881923955
185.875,0,67.8,-104.762852120111,84.7973645693588
185.875,0,74.58,-104.777500221951,84.7922581867222
185.875,0,81.36,-104.792126152058,84.7871689576298
185.875,0,88.14,-104.806729958853,84.7820967958079
185.875,0,94.92,-104.454536971387,84.7770416155597
185.875,0,101.7,-104.46202964114,84.7720033317605
185.875,0,108.48,-104.469504071245,84.7669818598533
185.875,0,115.26,-104.476960327974,84.7619771158438
185.875,0,122.04,-104.484398477276,84.7569890162958
185.875,0,128.82,-104.491818584784,84.7520174783265
185.875,0,135.6,-104.499220715817,85.2193612896197
185.875,0,142.38,-104.506604935379,84.4580222201731
185.875,0,149.16,-104.51397130816,85.1415767826152
185.875,0,155.94,-104.521319898544,85.1427409825476
185.875,0,162.72,-104.528650770603,85.1439063095918
185.875,0,169.5,-104.535963988107,85.1450727653816
185.875,0,176.28,-104.543259614517,85.1462403515541
185.875,0,183.06,-104.550537712994,85.1474090697495
185.875,0,189.84,-104.339466684045,85.1485789216111
185.875,0,196.62,-104.340585596234,85.1497499087856
185.875,0,203.4,-104.341705647764,85.1509220329227
185.875,0,210.18,-104.342826840375,85.1520952956752
185.875,0,216.96,-104.343949175809,85.1532696986994
185.875,0,223.74,-104.345072655813,85.1544452436546
185.875,0,230.52,-104.346197282137,85.1556219322034
185.875,0,237.3,-104.347323056534,85.1567997660115
185.875,0,244.08,-104.348449980761,85.1579787467481
185.875,0,250.86,-104.349578056578,85.1591588760854
185.875,0,257.64,-104.354775057728,85.1548991652006
185.875,0,264.42,-104.350584484153,85.1529995223488
185.875,0,271.2,-104.346389545639,85.1510968676626
185.875,0,277.98,-104.342190235424,85.1491911939558
185.875,0,284.76,-104.337986546735,85.1472824940199
185.875,0,291.54,-104.333778472786,85.1453707606231
185.875,0,298.32,-104.320457657457,85.292072919096
185.875,0,305.1,-104.311935304554,85.2884031766678
185.875,0,311.88,-104.303421409236,85.2847347414739
185.875,0,318.66,-104.294915959293,85.1987683884937
185.875,0,325.44,-104.286418942533,85.1867263710737
185.875,0,332.22,-104.277930346789,85.1747278749341
185.875,0,339,-104.269450159916,85.1627726655527
185.875,0,345.78,-104.373637486149,85.1137671908672
185.875,0,352.56,-104.378481344612,85.1142805511382
185.875,0,359.34,-104.383325788353,85.114793264584
185.875,0,366.12,-104.388170817415,85.1153053324232
185.875,0,372.9,-104.529828664429,85.1158167558711
185.875,0,379.68,-104.516886721854,85.1163275361402
185.875,0,386.46,-104.503943182854,85.1168376744398
185.875,0,393.24,-104.490998048422,85.1173471719761
185.875,0,400.02,-104.47805131955,85.1178560299525
185.875,0,406.8,-104.465102997231,85.1183642495692
185.875,0,413.58,-104.452153082461,85.1188718320235
185.875,0,420.36,-104.439201576235,85.1193787785097
185.875,0,427.14,-104.426248479548,85.1198850902191
185.875,0,433.92,-104.414483577262,85.12039076834
185.875,0,440.7,-104.407271132727,85.1208958140577
185.875,0,447.48,-104.400059636289,85.2002402394108
185.875,0,454.26,-104.392849087996,85.2082471772022
185.875,0,461.04,-104.437508124831,85.2162670045981
185.875,0,467.82,-104.44300639227,85.2242997524464
185.875,0,474.6,-104.448502001249,84.8144125623065
185.875,0,481.38,-104.453994953578,85.1652491555885
185.875,0,488.16,-104.459485251066,85.1312659046157
185.875,0,494.94,-104.464972895521,85.0973414582614
185.875,0,501.72,-104.470457888748,85.0634756877126
185.875,0,508.5,-104.475940232552,85.0296684644378
185.875,0,515.28,-104.481419928735,84.9959196601865
185.875,0,522.06,-104.486896979099,84.9622291469891
185.875,0,528.84,-104.515466077888,84.9285967971563
185.875,0,535.62,-104.508978306079,84.8950224832795
185.875,0,542.4,-104.502491427174,84.8615060782299
185.875,0,549.18,-104.451566418002,85.0764171628713
185.875,0,555.96,-104.451168964664,85.0649615262783
185.875,0,562.74,-104.450769431444,85.0534739647257
185.875,0,569.52,-104.450367802189,85.0419543454815
185.875,0,576.3,-104.44996406058,85.0304025350822
185.875,0,583.08,-104.549475832132,85.0188183993274
185.875,0,589.86,-104.555375463788,85.1998732454008
185.875,0,596.64,-104.561279623094,85.1902385970745
185.875,0,603.42,-104.567188315134,85.1806060783247
185.875,0,610.2,-104.771732959821,85.1709756889889
185.875,0,616.98,-104.740965282072,85.1613474289044
185.875,0,623.76,-104.710135121826,85.1517212979078
185.875,0,630.54,-104.679242306447,85.1420972958357
185.875,0,637.32,-104.648286662747,85.1324754225238
185.875,0,644.1,-104.617268016978,85.1228556778078
185.875,0,650.88,-104.586186194829,85.1132380615228
185.875,0,657.66,-104.555041021431,85.1036225735035
185.875,0,664.44,-104.523832321349,85.0940092135843
185.875,0,671.22,-104.492559918581,85.0843979815991
185.875,0,678,-104.461223636561,85.0747888773814
187.5,0,0,-118.823526753983,70.573839212099
187.5,0,6.78,-119.034002935911,70.5684173711202
187.5,0,13.56,-119.049215104508,70.5630143792255
187.5,0,20.34,-119.06440377462,70.5576301383107
187.5,0,27.12,-119.07956899851,70.55226455095
187.5,0,33.9,-119.094710828294,70.5469175203912
187.5,0,40.68,-119.109829315939,70.5415889505492
187.5,0,47.46,-119.124924513267,70.5362787460003
187.5,0,54.24,-119.139996471952,70.530986811977
187.5,0,61.02,-119.155045243521,70.5257130543619
187.5,0,67.8,-119.170070879358,70.5204573796825
187.5,0,74.58,-119.185073430699,70.5152196951053
187.5,0,81.36,-119.200052948638,70.5099999084307
187.5,0,88.14,-119.215009484123,70.5047979280873
187.5,0,94.92,-118.854620433819,70.499613663127
187.5,0,101.7,-118.862312009616,70.4944470232192
187.5,0,108.48,-118.869984534914,70.4892979186459
187.5,0,115.26,-118.877638080137,70.4841662602964
187.5,0,122.04,-118.885272715364,70.4790519596624
187.5,0,128.82,-118.89288851033,70.4739549288324
187.5,0,135.6,-118.900485534431,70.9532246574781
187.5,0,142.38,-118.908063856721,70.1724646784877
187.5,0,149.16,-118.915623545919,70.8739070429358
187.5,0,155.94,-118.923164670409,70.8751130221401
187.5,0,162.72,-118.93068729824,70.8763201882981
187.5,0,169.5,-118.938191497134,70.8775285431589
187.5,0,176.28,-118.94567733448,70.8787380884749
187.5,0,183.06,-118.953144877342,70.8799488260021
187.5,0,189.84,-118.736674834239,70.8811607574997
187.5,0,196.62,-118.73781915593,70.8823738847308
187.5,0,203.4,-118.738964666242,70.8835882094614
187.5,0,210.18,-118.740111367022,70.8848037334614
187.5,0,216.96,-118.74125926012,70.8860204585041
187.5,0,223.74,-118.74240834739,70.8872383863661
187.5,0,230.52,-118.743558630689,70.8884575188279
187.5,0,237.3,-118.744710111878,70.889677857673
187.5,0,244.08,-118.745862792823,70.8908994046888
187.5,0,250.86,-118.747016675394,70.8921221616662
187.5,0,257.64,-118.752298811287,70.8874462478135
187.5,0,264.42,-118.747989674768,70.8854814160269
187.5,0,271.2,-118.743675964333,70.8835134046127
187.5,0,277.98,-118.739357672764,70.8815422058406
187.5,0,284.76,-118.735034792828,70.8795678119555
187.5,0,291.54,-118.730707317278,70.8775902151768
187.5,0,298.32,-118.716944005526,71.0285359657814
187.5,0,305.1,-118.708199030919,71.0247849334706
187.5,0,311.88,-118.699462920117,71.0210352906897
187.5,0,318.66,-118.690735660093,70.9332294811363
187.5,0,325.44,-118.682017237845,70.9208295472602
187.5,0,332.22,-118.673307640393,70.9084752360072
187.5,0,339,-118.664606854786,70.8961662971961
187.5,0,345.78,-118.771592709135,70.8452772709509
187.5,0,352.56,-118.776566504583,70.8458202160272
187.5,0,359.34,-118.781540949852,70.8463624753145
187.5,0,366.12,-118.786516045008,70.8469040501253
187.5,0,372.9,-118.931900144389,70.8474449417688
187.5,0,379.68,-118.918622426886,70.8479851515506
187.5,0,386.46,-118.905343086089,70.8485246807732
187.5,0,393.24,-118.892062123118,70.8490635307356
187.5,0,400.02,-118.878779539099,70.8496017027337
187.5,0,406.8,-118.865495335155,70.85013919806
187.5,0,413.58,-118.852209512412,70.8506760180037
187.5,0,420.36,-118.838922071996,70.8512121638508
187.5,0,427.14,-118.825633015035,70.8517476368839
187.5,0,433.92,-118.813589822727,70.8522824383825
187.5,0,440.7,-118.8062002617,70.8528165696228
187.5,0,447.48,-118.798811687931,70.9345093968539
187.5,0,454.26,-118.791424101465,70.9427554076401
187.5,0,461.04,-118.837342459165,70.9510149129215
187.5,0,467.82,-118.842976757469,70.9592879455307
187.5,0,474.6,-118.848608251921,70.5382734481917
187.5,0,481.38,-118.854236944452,70.8989533402267
187.5,0,488.16,-118.859862836995,70.8640171262864
187.5,0,494.94,-118.865485931478,70.8291421777503
187.5,0,501.72,-118.871106229828,70.7943283593169
187.5,0,508.5,-118.87672373397,70.7595755359782
187.5,0,515.28,-118.88233844583,70.7248835730199
187.5,0,522.06,-118.887950367329,70.6902523360205
187.5,0,528.84,-118.917257316707,70.6556816908515
187.5,0,535.62,-118.910590890218,70.6211715036771
187.5,0,542.4,-118.903925406474,70.586721640954
187.5,0,549.18,-118.851536456609,70.8066899271604
187.5,0,555.96,-118.851152168227,70.7949784010046
187.5,0,562.74,-118.850765954029,70.7832337287682
187.5,0,569.52,-118.850377798804,70.7714557705309
187.5,0,576.3,-118.84998768718,70.7596443855896
187.5,0,583.08,-118.952249715773,70.7477994324528
187.5,0,589.86,-118.958314621107,70.934147837056
187.5,0,596.64,-118.96438429746,70.9242631644295
187.5,0,603.42,-118.970458750299,70.9143806901643
187.5,0,610.2,-119.180620861307,70.904500414114
187.5,0,616.98,-119.149027076421,70.8946223361317
187.5,0,623.76,-119.117367952327,70.88474645607
187.5,0,630.54,-119.085643305603,70.8748727737813
187.5,0,637.32,-119.053852952227,70.865001289117
187.5,0,644.1,-119.021996707578,70.8551320019287
187.5,0,650.88,-118.990074386431,70.845264912067
187.5,0,657.66,-118.958085802957,70.8354000193824
187.5,0,664.44,-118.92603077072,70.8255373237247
187.5,0,671.22,-118.893909102674,70.8156768249436
187.5,0,678,-118.861720611166,70.8058185228878
190.75,0,0,-147.63228983367,42.0160731299333
190.75,0,6.78,-147.853263581881,42.0103651199593
190.75,0,13.56,-147.869216085944,42.0046776724852
190.75,0,20.34,-147.885143212878,41.9990106767402
190.75,0,27.12,-147.901045020715,41.9933640227466
190.75,0,33.9,-147.916921567321,41.9877376013133
190.75,0,40.68,-147.932772910392,41.9821313040282
190.75,0,47.46,-147.948599107457,41.9765450232519
190.75,0,54.24,-147.964400215878,41.9709786521105
190.75,0,61.02,-147.98017629285,41.9654320844885
190.75,0,67.8,-147.995927395404,41.9599052150228
190.75,0,74.58,-148.011653580405,41.9543979390957
190.75,0,81.36,-148.027354904551,41.9489101528279
190.75,0,88.14,-148.043031424378,41.9434417530728
190.75,0,94.92,-147.665971879104,41.9379926374095
190.75,0,101.7,-147.67407164021,41.9325627041367
190.75,0,108.48,-147.682150615807,41.9271518522662
190.75,0,115.26,-147.690208885436,41.9217599815168
190.75,0,122.04,-147.698246528234,41.9163869923081
190.75,0,128.82,-147.706263622936,41.9110327857544
190.75,0,135.6,-147.714260247882,42.4147969745287
190.75,0,142.38,-147.72223648101,41.5941667280091
190.75,0,149.16,-147.73019239987,42.3323535393735
190.75,0,155.94,-147.738128081618,42.3336467152467
190.75,0,162.72,-147.746043603021,42.3349411971413
190.75,0,169.5,-147.753939040461,42.3362369870501
190.75,0,176.28,-147.761814469936,42.3375340869699
190.75,0,183.06,-147.769669967062,42.3388324989016
190.75,0,189.84,-147.542147614069,42.34013222485
190.75,0,196.62,-147.543344100879,42.3414332668244
190.75,0,203.4,-147.544541870953,42.3427356268376
190.75,0,210.18,-147.545740926351,42.3440393069071
190.75,0,216.96,-147.546941269141,42.3453443090541
190.75,0,223.74,-147.548142901392,42.3466506353041
190.75,0,230.52,-147.549345825181,42.3479582876866
190.75,0,237.3,-147.550550042586,42.3492672682356
190.75,0,244.08,-147.551755555691,42.3505775789889
190.75,0,250.86,-147.552962366585,42.3518892219884
190.75,0,257.64,-147.55840808912,42.3463245616252
190.75,0,264.42,-147.553853661084,42.3442233683757
190.75,0,271.2,-147.549294269619,42.3421186711525
190.75,0,277.98,-147.544729906626,42.3400104611231
190.75,0,284.76,-147.540160563989,42.3378987294255
190.75,0,291.54,-147.535586233572,42.3357834671676
190.75,0,298.32,-147.520895294408,42.4954860511901
190.75,0,305.1,-147.511693982151,42.4915707433037
190.75,0,311.88,-147.502502299645,42.4876569288441
190.75,0,318.66,-147.493320232346,42.3961490750187
190.75,0,325.44,-147.484147765739,42.3830084316356
190.75,0,332.22,-147.474984885335,42.3699178718186
190.75,0,339,-147.465831576676,42.3568771112143
190.75,0,345.78,-147.578575507329,42.3020292600516
190.75,0,352.56,-147.583817393575,42.302635586722
190.75,0,359.34,-147.589059961819,42.3032411242406
190.75,0,366.12,-147.594303212119,42.3038458741693
190.75,0,372.9,-147.747335581475,42.3044498380658
190.75,0,379.68,-147.733368551816,42.3050530174837
190.75,0,386.46,-147.719399782492,42.3056554139727
190.75,0,393.24,-147.705429274855,42.306257029078
190.75,0,400.02,-147.691457030259,42.3068578643413
190.75,0,406.8,-147.677483050059,42.3074579212998
190.75,0,413.58,-147.663507335609,42.3080572014869
190.75,0,420.36,-147.649529888268,42.3086557064318
190.75,0,427.14,-147.635550709393,42.3092534376598
190.75,0,433.92,-147.622948827082,42.3098503966923
190.75,0,440.7,-147.61519682291,42.3104465850465
190.75,0,447.48,-147.607445904003,42.3970066508771
190.75,0,454.26,-147.599696070409,42.405748347397
190.75,0,461.04,-147.64821847023,42.4145048487646
190.75,0,467.82,-147.654129584283,42.4232761922025
190.75,0,474.6,-147.660037657621,41.9793438677654
190.75,0,481.38,-147.665942692428,42.3603408231124
190.75,0,488.16,-147.671844690888,42.3234378226578
190.75,0,494.94,-147.677743655183,42.286601347578
190.75,0,501.72,-147.683639587491,42.2498312483722
190.75,0,508.5,-147.689532489992,42.2131273758598
190.75,0,515.28,-147.695422364859,42.17648958118
190.75,0,522.06,-147.701309214267,42.1399177157922
190.75,0,528.84,-147.732126120523,42.1034116314754
190.75,0,535.62,-147.725092564517,42.066971180328
190.75,0,542.4,-147.718060032558,42.0305962147681
190.75,0,549.18,-147.662652158512,42.2608613051352
190.75,0,555.96,-147.662296927147,42.2486301771408
190.75,0,562.74,-147.661939679526,42.2363633598087
190.75,0,569.52,-147.661580399181,42.2240606978921
190.75,0,576.3,-147.661219069463,42.2117220352491
190.75,0,583.08,-147.769153382622,42.1993472148365
190.75,0,589.86,-147.775558439212,42.3966605068617
190.75,0,596.64,-147.781968631076,42.3862616105155
190.75,0,603.42,-147.788383964266,42.3758650954165
190.75,0,610.2,-148.010119529946,42.3654709614042
190.75,0,616.98,-147.976826250725,42.3550792083172
190.75,0,623.76,-147.943461720076,42.3446898359938
190.75,0,630.54,-147.910025731657,42.3343028442717
190.75,0,637.32,-147.87651807844,42.3239182329882
190.75,0,644.1,-147.842938552699,42.3135360019797
190.75,0,650.88,-147.809286946019,42.3031561510825
190.75,0,657.66,-147.775563049282,42.2927786801321
190.75,0,664.44,-147.741766652676,42.2824035889634
190.75,0,671.22,-147.707897545683,42.272030877411
190.75,0,678,-147.673955517085,42.2616605453089
194,0,0,-176.45730793024,13.4489835715342
194,0,6.78,-176.689083458765,13.4429787263427
194,0,13.56,-176.705796379825,13.4369962560061
194,0,20.34,-176.722481981992,13.4310360358521
194,0,27.12,-176.739140329416,13.4250979421319
194,0,33.9,-176.755771486059,13.4191818520118
194,0,40.68,-176.77237551569,13.4132876435645
194,0,47.46,-176.788952481887,13.4074151957611
194,0,54.24,-176.805502448042,13.4015643884628
194,0,61.02,-176.822025477356,13.3957351024124
194,0,67.8,-176.838521632845,13.3899272192266
194,0,74.58,-176.854990977334,13.384140621388
194,0,81.36,-176.871433573464,13.378375192237
194,0,88.14,-176.887849483691,13.372630815964
194,0,94.92,-176.493758636447,13.3669073776019
194,0,101.7,-176.502280603908,13.3612047630185
194,0,108.48,-176.510779959188,13.3555228589084
194,0,115.26,-176.5192567918,13.3498615527862
194,0,122.04,-176.527711190782,13.3442207329787
194,0,128.82,-176.536143244709,13.3386002886179
194,0,135.6,-176.544553041692,13.8677636006209
194,0,142.38,-176.55294066938,13.0058220323685
194,0,149.16,-176.561306214964,13.7821187669161
194,0,155.94,-176.569649765182,13.7835041354967
194,0,162.72,-176.577971406319,13.7848909619869
194,0,169.5,-176.586271224211,13.7862792486896
194,0,176.28,-176.594549304249,13.7876689979125
194,0,183.06,-176.602805731379,13.7890602119684
194,0,189.84,-176.363866314501,13.7904528931747
194,0,196.62,-176.365116165411,13.7918470438538
194,0,203.4,-176.366367402761,13.7932426663331
194,0,210.18,-176.367620028855,13.7946397629446
194,0,216.96,-176.368874046002,13.7960383360257
194,0,223.74,-176.370129456514,13.7974383879183
194,0,230.52,-176.371386262711,13.7988399209696
194,0,237.3,-176.372644466917,13.8002429375314
194,0,244.08,-176.373904071461,13.8016474399608
194,0,250.86,-176.375165078677,13.8030534306197
194,0,257.64,-176.380783080794,13.7964971432974
194,0,264.42,-176.375973474256,13.7942504413072
194,0,271.2,-176.371158403971,13.7919998057292
194,0,277.98,-176.366337860704,13.7897452262856
194,0,284.76,-176.361511835204,13.7874866926629
194,0,291.54,-176.356680318194,13.7852241945117
194,0,298.32,-176.340993987327,13.9540720385957
194,0,305.1,-176.331321144832,13.9499885069201
194,0,311.88,-176.32165875122,13.945906607121
194,0,318.66,-176.312006790107,13.8506792331018
194,0,325.44,-176.302365245142,13.8367624396682
194,0,332.22,-176.292734100009,13.8229005339126
194,0,339,-176.283113338423,13.8090931934392
194,0,345.78,-176.401850534307,13.750015296518
194,0,352.56,-176.407370697095,13.7506907979293
194,0,359.34,-176.41289160063,13.7513653769524
194,0,366.12,-176.418413244966,13.7520390354738
194,0,372.9,-176.579356651832,13.7527117753746
194,0,379.68,-176.564676296463,13.7533835985311
194,0,386.46,-176.549994107399,13.7540545068141
194,0,393.24,-176.535310086237,13.7547245020897
194,0,400.02,-176.520624234576,13.7553935862186
194,0,406.8,-176.505936554015,13.7560617610566
194,0,413.58,-176.491247046156,13.7567290284546
194,0,420.36,-176.476555712601,13.7573953902581
194,0,427.14,-176.461862554954,13.7580608483081
194,0,433.92,-176.448690768646,13.7587254044401
194,0,440.7,-176.44056642228,13.7593890604851
194,0,447.48,-176.432443285536,13.8510635628705
194,0,454.26,-176.42432135848,13.8603252567503
194,0,461.04,-176.475558541501,13.8696031535929
194,0,467.82,-176.481753861882,13.8788972954619
194,0,474.6,-176.487945869392,13.4111161572648
194,0,481.38,-176.494134566514,13.8133103405119
194,0,488.16,-176.500319955732,13.7743561774406
194,0,494.94,-176.506502039526,13.735474153671
194,0,501.72,-176.512680820374,13.6966641045827
194,0,508.5,-176.518856300751,13.6579258659003
194,0,515.28,-176.525028483131,13.6192592736936
194,0,522.06,-176.531197369985,13.5806641643779
194,0,528.84,-176.563568420637,13.5421403747134
194,0,535.62,-176.556152202841,13.5036877418057
194,0,542.4,-176.548737140565,13.4653061031059
194,0,549.18,-176.490180241937,13.7061041758575
194,0,555.96,-176.489859591721,13.6933440247372
194,0,562.74,-176.489537121033,13.680545541223
194,0,569.52,-176.489212814509,13.6677085535157
194,0,576.3,-176.488886656614,13.6548328887958
194,0,583.08,-176.602732427645,13.6419183732159
194,0,589.86,-176.609492478527,13.8507468393256
194,0,596.64,-176.616258142991,13.8398133771111
194,0,603.42,-176.623029427872,13.8288825040016
194,0,610.2,-176.856809040838,13.8179542198541
194,0,616.98,-176.821752313798,13.8070285245249
194,0,623.76,-176.786617929056,13.7961054178698
194,0,630.54,-176.751405654759,13.7851848997435
194,0,637.32,-176.716115258259,13.7742669700006
194,0,644.1,-176.680746506111,13.7633516284945
194,0,650.88,-176.645299164072,13.7524388750782
194,0,657.66,-176.609772997097,13.741528709604
194,0,664.44,-176.574167769336,13.7306211319234
194,0,671.22,-176.538483244134,13.7197161418875
194,0,678,-176.502719184024,13.7088137393466
197.25,0,0,154.698907300095,-15.1284169820742
197.25,0,6.78,154.456027275089,-15.134730026302
197.25,0,13.56,154.438532799493,-15.1410187419235
197.25,0,20.34,154.421067694597,-15.147283269087
197.25,0,27.12,154.403631889675,-15.1535237468678
197.25,0,33.9,154.386225314218,-15.159740313278
197.25,0,40.68,154.368847897929,-15.1659331052769
197.25,0,47.46,154.351499570728,-15.1721022587809
197.25,0,54.24,154.334180262748,-15.1782479086736
197.25,0,61.02,154.316889904333,-15.1843701888152
197.25,0,67.8,154.29962842604,-15.1904692320524
197.25,0,74.58,154.282395758637,-15.1965451702282
197.25,0,81.36,154.265191833102,-15.2025981341909
197.25,0,88.14,154.248016580622,-15.2086282538036
197.25,0,94.92,154.65948211851,-15.2146356579536
197.25,0,101.7,154.650523361288,-15.2206204745616
197.25,0,108.48,154.641589180149,-15.2265828305904
197.25,0,115.26,154.632679474526,-15.2325228520539
197.25,0,122.04,154.623794144397,-15.2384406640264
197.25,0,128.82,154.614933090282,-15.2443363906507
197.25,0,135.6,154.606096213238,-14.6888002901784
197.25,0,142.38,154.59728341486,-15.5935955863216
197.25,0,149.16,154.588494597269,-14.7777501551785
197.25,0,155.94,154.579729663118,-14.7762669818508
197.25,0,162.72,154.570988515582,-14.7747821909749
197.25,0,169.5,154.562271058356,-14.7732957799115
197.25,0,176.28,154.553577195654,-14.7718077460152
197.25,0,183.06,154.544906832201,-14.7703180866353
197.25,0,189.84,154.795623496308,-14.768826799115
197.25,0,196.62,154.794319068353,-14.7673338807919
197.25,0,203.4,154.793013152982,-14.7658393289977
197.25,0,210.18,154.791705747641,-14.7643431410582
197.25,0,216.96,154.790396849768,-14.7628453142937
197.25,0,223.74,154.789086456797,-14.7613458460183
197.25,0,230.52,154.787774566156,-14.7598447335403
197.25,0,237.3,154.786461175266,-14.7583419741623
197.25,0,244.08,154.785146281544,-14.7568375651807
197.25,0,250.86,154.783829882399,-14.7553315038863
197.25,0,257.64,154.778046067115,-14.762989590678
197.25,0,264.42,154.783121642683,-14.7653915937061
197.25,0,271.2,154.788203158809,-14.7677979192397
197.25,0,277.98,154.793290625886,-14.7702085789881
197.25,0,284.76,154.798384054333,-14.7726235847028
197.25,0,291.54,154.803483454596,-14.775042948178
197.25,0,298.32,154.820234127277,-14.5966372796644
197.25,0,305.1,154.830394558683,-14.6008926708673
197.25,0,311.88,154.840543672948,-14.605146295411
197.25,0,318.66,154.850681488329,-14.704093657335
197.25,0,325.44,154.860808023044,-14.7188248723264
197.25,0,332.22,154.870923295276,-14.7334960007022
197.25,0,339,154.881027323169,-14.7481074074847
197.25,0,345.78,154.756055524753,-14.811727238308
197.25,0,352.56,154.750246902367,-14.8109757107144
197.25,0,359.34,154.744437484071,-14.8102252266634
197.25,0,366.12,154.738627269822,-14.8094757839511
197.25,0,372.9,154.569495147149,-14.8087273803802
197.25,0,379.68,154.584913574413,-14.8079800137591
197.25,0,386.46,154.600333954497,-14.8072336819026
197.25,0,393.24,154.615756285497,-14.8064883826318
197.25,0,400.02,154.63118056551,-14.8057441137737
197.25,0,406.8,154.64660679263,-14.8050008731613
197.25,0,413.58,154.662034964949,-14.8042586586339
197.25,0,420.36,154.677465080558,-14.8035174680367
197.25,0,427.14,154.692897137546,-14.8027772992211
197.25,0,433.92,154.706648894029,-14.8020381500442
197.25,0,440.7,154.715156342206,-14.8013000183695
197.25,0,447.48,154.723662470156,-14.7042476929361
197.25,0,454.26,154.732167277808,-14.6944390377217
197.25,0,461.04,154.678095728748,-14.6846126658387
197.25,0,467.82,154.671608897996,-14.6747685298264
197.25,0,474.6,154.665125647519,-15.1673874344812
197.25,0,481.38,154.658645974531,-14.7430464026755
197.25,0,488.16,154.652169876248,-14.7841425490237
197.25,0,494.94,154.645697349887,-14.8251605790344
197.25,0,501.72,154.639228392671,-14.8661006731111
197.25,0,508.5,154.632763001822,-14.9069630112914
197.25,0,515.28,154.626301174567,-14.9477477732469
197.25,0,522.06,154.619842908136,-14.9884551382826
197.25,0,528.84,154.585867581221,-15.0290852853372
197.25,0,535.62,154.593682040331,-15.0696383929821
197.25,0,542.4,154.601495239325,-15.110114639422
197.25,0,549.18,154.663341653359,-14.8585539571013
197.25,0,555.96,154.663620967062,-14.8718522186329
197.25,0,562.74,154.663901928846,-14.8851916217879
197.25,0,569.52,154.66418455307,-14.8985723563189
197.25,0,576.3,154.664468854263,-14.9119946131381
197.25,0,583.08,154.544458996155,-14.9254585843263
197.25,0,589.86,154.537328749134,-14.7045235216878
197.25,0,596.64,154.530192285508,-14.7160122354327
197.25,0,603.42,154.523049597466,-14.7274981901224
197.25,0,610.2,154.276734158648,-14.7389813858417
197.25,0,616.98,154.313620714516,-14.7504618226761
197.25,0,623.76,154.350591782951,-14.7619395007118
197.25,0,630.54,154.387647623857,-14.7734144200361
197.25,0,637.32,154.424788498048,-14.7848865807371
197.25,0,644.1,154.462014667253,-14.7963559829035
197.25,0,650.88,154.499326394113,-14.807822626625
197.25,0,657.66,154.53672394219,-14.8192865119923
197.25,0,664.44,154.574207575967,-14.8307476390966
197.25,0,671.22,154.611777560849,-14.8422060080301
197.25,0,678,154.649434163172,-14.8536616188859
200.5,0,0,125.833503344132,-43.7174737039624
200.5,0,6.78,125.579214092507,-43.7241064084294
200.5,0,13.56,125.56091710204,-43.730712721509
200.5,0,20.34,125.542651689459,-43.7372928002932
200.5,0,27.12,125.524417776807,-43.7438468006307
200.5,0,33.9,125.506215286367,-43.7503748771398
200.5,0,40.68,125.488044140668,-43.7568771832204
200.5,0,47.46,125.469904262479,-43.7633538710653
200.5,0,54.24,125.451795574808,-43.7698050916731
200.5,0,61.02,125.433718000904,-43.7762309948591
200.5,0,67.8,125.415671464255,-43.7826317292669
200.5,0,74.58,125.397655888586,-43.7890074423804
200.5,0,81.36,125.379671197858,-43.7953582805343
200.5,0,88.14,125.361717316271,-43.8016843889258
200.5,0,94.92,125.790866297951,-43.8079859116256
200.5,0,101.7,125.78145605844,-43.8142629915885
200.5,0,108.48,125.772072500743,-43.8205157706641
200.5,0,115.26,125.762715512031,-43.8267443896082
200.5,0,122.04,125.75338498011,-43.8329489880924
200.5,0,128.82,125.744080793413,-43.8391297047148
200.5,0,135.6,125.734802840996,-43.2561877378349
200.5,0,142.38,125.725551012534,-44.2054608339544
200.5,0,149.16,125.71632519832,-43.3485540289816
200.5,0,155.94,125.707125289253,-43.346967173657
200.5,0,162.72,125.697951176844,-43.3453785087451
200.5,0,169.5,125.688802753201,-43.3437880311968
200.5,0,176.28,125.679679911033,-43.3421957379563
200.5,0,183.06,125.670582543644,-43.3406016259611
200.5,0,189.84,125.933448738153,-43.3390056921414
200.5,0,196.62,125.932088579325,-43.3374079334209
200.5,0,203.4,125.930726803919,-43.3358083467162
200.5,0,210.18,125.929363409065,-43.3342069289369
200.5,0,216.96,125.927998391887,-43.3326036769857
200.5,0,223.74,125.926631749501,-43.3309985877584
200.5,0,230.52,125.925263479019,-43.3293916581437
200.5,0,237.3,125.923893577544,-43.3277828850232
200.5,0,244.08,125.922522042171,-43.3261722652716
200.5,0,250.86,125.921148869992,-43.3245597957564
200.5,0,257.64,125.915196483298,-43.3334479533935
200.5,0,264.42,125.920548941913,-43.3360163026885
200.5,0,271.2,125.92590786115,-43.3385894021381
200.5,0,277.98,125.931273252702,-43.3411672650689
200.5,0,284.76,125.936645128285,-43.3437499048576
200.5,0,291.54,125.942023499648,-43.3463373349306
200.5,0,298.32,125.959921293517,-43.1579354616345
200.5,0,305.1,125.970584491652,-43.162367499709
200.5,0,311.88,125.981235447475,-43.1667975997971
200.5,0,318.66,125.991874181332,-43.2694363325976
200.5,0,325.44,126.002500713526,-43.2850230635617
200.5,0,332.22,126.013115064318,-43.3005440578161
200.5,0,339,126.023717253925,-43.3159997281252
200.5,0,345.78,125.892263430372,-43.3845138845286
200.5,0,352.56,125.886155470454,-43.3836780993717
200.5,0,359.34,125.880046596905,-43.3828435430132
200.5,0,366.12,125.873936809678,-43.3820102127746
200.5,0,372.9,125.696338682459,-43.381178105985
200.5,0,379.68,125.712521095606,-43.3803472199814
200.5,0,386.46,125.728705523423,-43.3795175521084
200.5,0,393.24,125.74489196368,-43.3786890997184
200.5,0,400.02,125.761080414144,-43.3778618601714
200.5,0,406.8,125.777270872581,-43.377035830835
200.5,0,413.58,125.793463336755,-43.3762110090845
200.5,0,420.36,125.809657804427,-43.3753873923028
200.5,0,427.14,125.825854273359,-43.3745649778803
200.5,0,433.92,125.840187108672,-43.373743763215
200.5,0,440.7,125.849088313682,-43.3729237457121
200.5,0,447.48,125.857988064197,-43.2702114685133
200.5,0,454.26,125.86688636015,-43.2598272386209
200.5,0,461.04,125.809854399653,-43.2494236530888
200.5,0,467.82,125.803069242564,-43.2390006584362
200.5,0,474.6,125.796287965316,-43.7574904346473
200.5,0,481.38,125.789510564764,-43.3099925274663
200.5,0,488.16,125.782737037766,-43.3533269196401
200.5,0,494.94,125.775967381183,-43.3965768247094
200.5,0,501.72,125.769201591879,-43.439742440481
200.5,0,508.5,125.762439666724,-43.4828239643736
200.5,0,515.28,125.755681602587,-43.5258215934174
200.5,0,522.06,125.748927396342,-43.5687355242535
200.5,0,528.84,125.713292589939,-43.6115659531333
200.5,0,535.62,125.721521025799,-43.6543130759184
200.5,0,542.4,125.729748021205,-43.6969770880795
200.5,0,549.18,125.795036630532,-43.4344460443895
200.5,0,555.96,125.795266092098,-43.4482898539508
200.5,0,562.74,125.795496886545,-43.4621777316617
200.5,0,569.52,125.795729025862,-43.4761098866288
200.5,0,576.3,125.795962522177,-43.490086529273
200.5,0,583.08,125.669523115266,-43.5041078713401
200.5,0,589.86,125.662005550074,-43.2704302436964
200.5,0,596.64,125.654481357929,-43.2824967537971
200.5,0,603.42,125.646950530291,-43.2945603095457
200.5,0,610.2,125.387585096175,-43.3066209109475
200.5,0,616.98,125.426370317197,-43.3186785580087
200.5,0,623.76,125.4652473806,-43.3307332507368
200.5,0,630.54,125.504216577073,-43.34278498914
200.5,0,637.32,125.543278198345,-43.3548337732279
200.5,0,644.1,125.582432537183,-43.3668796030108
200.5,0,650.88,125.621679887402,-43.3789224785003
200.5,0,657.66,125.661020543866,-43.3909623997089
200.5,0,664.44,125.700454802487,-43.4029993666502
200.5,0,671.22,125.739982960237,-43.4150333793389
200.5,0,678,125.779605315143,-43.4270644377906
203.75,0,0,96.9440230553854,-72.3194019452941
203.75,0,6.78,96.6780291576755,-72.3263669021986
203.75,0,13.56,96.6589092771556,-72.333303189717
203.75,0,20.34,96.6398232457104,-72.3402109840977
203.75,0,27.12,96.6207709777413,-72.3470904601492
203.75,0,33.9,96.6017523879226,-72.3539417912543
203.75,0,40.68,96.5827673912001,-72.3607651493853
203.75,0,47.46,96.5638159027908,-72.3675607051174
203.75,0,54.24,96.544897838181,-72.3743286276438
203.75,0,61.02,96.5260131131259,-72.3810690847888
203.75,0,67.8,96.5071616436485,-72.3877822430221
203.75,0,74.58,96.4883433460387,-72.3944682674723
203.75,0,81.36,96.4695581368517,-72.4011273219405
203.75,0,88.14,96.450805932908,-72.4077595689131
203.75,0,94.92,96.8979185746954,-72.4143651695757
203.75,0,101.7,96.8880413710286,-72.4209442838255
203.75,0,108.48,96.8781931031873,-72.4274970702843
203.75,0,115.26,96.8683736447833,-72.4340236863112
203.75,0,122.04,96.8585828701604,-72.4405242880152
203.75,0,128.82,96.8488206543884,-72.4469990302675
203.75,0,135.6,96.8390868732585,-71.8355724070218
203.75,0,142.38,96.8293814032775,-72.8310166965198
203.75,0,149.16,96.8197041216633,-71.9314748123837
203.75,0,155.94,96.8100549063397,-71.9297770708732
203.75,0,162.72,96.8004336359307,-71.9280773653009
203.75,0,169.5,96.7908401897564,-71.9263756922467
203.75,0,176.28,96.7812744478275,-71.9246720482823
203.75,0,183.06,96.7717362908406,-71.9229664299715
203.75,0,189.84,97.0471188388587,-71.9212588338701
203.75,0,196.62,97.045701875092,-71.919549256526
203.75,0,203.4,97.0442831773065,-71.917837694479
203.75,0,210.18,97.0428627423252,-71.9161241442607
203.75,0,216.96,97.0414405669634,-71.9144086023949
203.75,0,223.74,97.0400166480288,-71.9126910653971
203.75,0,230.52,97.0385909823209,-71.9109715297747
203.75,0,237.3,97.0371635666318,-71.909249992027
203.75,0,244.08,97.0357343977454,-71.9075264486451
203.75,0,250.86,97.0343034724379,-71.9058008961119
203.75,0,257.64,97.0281889120472,-71.9160681424581
203.75,0,264.42,97.0338305410208,-71.9188152350314
203.75,0,271.2,97.0394792528326,-71.921567639515
203.75,0,277.98,97.0451350607312,-71.924325371341
203.75,0,284.76,97.0507979779976,-71.9270884460012
203.75,0,291.54,97.056468017946,-71.9298568790475
203.75,0,298.32,97.0755863397374,-71.7309956097615
203.75,0,305.1,97.0867683476692,-71.7356085296733
203.75,0,311.88,97.097937111461,-71.7402194078204
203.75,0,318.66,97.1090926537947,-71.8464934188875
203.75,0,325.44,97.1202349973028,-71.8629798009928
203.75,0,332.22,97.1313641645682,-71.8793943495149
203.75,0,339,97.1424801781242,-71.895737530347
203.75,0,345.78,97.0042968759827,-71.9695409747274
203.75,0,352.56,96.9978781583912,-71.9686123466716
203.75,0,359.34,96.9914584775282,-71.9676851121147
203.75,0,366.12,96.9850378333263,-71.9667592679245
203.75,0,372.9,96.7986851283149,-71.9658348109783
203.75,0,379.68,96.8156576722801,-71.9649117381626
203.75,0,386.46,96.8326323427273,-71.9639900463733
203.75,0,393.24,96.8496091371033,-71.9630697325156
203.75,0,400.02,96.8665880528525,-71.9621507935039
203.75,0,406.8,96.8835690874173,-71.9612332262619
203.75,0,413.58,96.9005522382378,-71.9603170277223
203.75,0,420.36,96.9175375027524,-71.9594021948269
203.75,0,427.14,96.9345248783968,-71.958488724527
203.75,0,433.92,96.9494471031785,-71.9575766137825
203.75,0,440.7,96.9587517527757,-71.9566658595626
203.75,0,447.48,96.9680547957968,-71.8479816667466
203.75,0,454.26,96.9773562321582,-71.8369910429757
203.75,0,461.04,96.9172349614553,-71.8259792944814
203.75,0,467.82,96.9101432109458,-71.8149463611126
203.75,0,474.6,96.9030556797975,-72.3603954800453
203.75,0,481.38,96.8959723644825,-71.8886717039372
203.75,0,488.16,96.8888932614767,-71.9343460433443
203.75,0,494.94,96.8818183672595,-71.9799291330691
203.75,0,501.72,96.874747678314,-72.0254211889008
203.75,0,508.5,96.8676811911271,-72.0708224262256
203.75,0,515.28,96.860618902189,-72.1161330600268
203.75,0,522.06,96.8535608079939,-72.1613533048828
203.75,0,528.84,96.8162245885136,-72.206483374967
203.75,0,535.62,96.8248836622645,-72.251523484046
203.75,0,542.4,96.8335411437095,-72.2964738454798
203.75,0,549.18,96.9024208123632,-72.022785212487
203.75,0,555.96,96.9025906445424,-72.0371807961049
203.75,0,562.74,96.9027615713258,-72.0516234804913
203.75,0,569.52,96.9029336028675,-72.0661134954959
203.75,0,576.3,96.9031067494478,-72.0806510724543
203.75,0,583.08,96.7699603989312,-72.0952364441998
203.75,0,589.86,96.7620379414467,-71.8481375341394
203.75,0,596.64,96.7541082498642,-71.8608046830935
203.75,0,603.42,96.7461713146641,-71.8734686302302
203.75,0,610.2,96.4732320921056,-71.8861293755299
203.75,0,616.98,96.5139862113872,-71.8987869189742
203.75,0,623.76,96.5548400855871,-71.9114412605459
203.75,0,630.54,96.5957940397259,-71.9240924002292
203.75,0,637.32,96.6368484000096,-71.9367403380095
203.75,0,644.1,96.6780034938332,-71.9493850738733
203.75,0,650.88,96.7192596497846,-71.9620266078086
203.75,0,657.66,96.7606171976483,-71.9746649398045
203.75,0,664.44,96.8020764684092,-71.9873000698514
203.75,0,671.22,96.8436377942562,-71.9999319979409
203.75,0,678,96.8853015085862,-72.0125607240659
207,0,0,68.0289128742618,-100.934814726988
207,0,6.78,67.7509255362086,-100.942123880469
207,0,13.56,67.7309629427829,-100.949401998132
207,0,20.34,67.7110365817071,-100.956649276907
207,0,27.12,67.6911463592202,-100.963865912064
207,0,33.9,67.671292181866,-100.97105209723
207,0,40.68,67.6514739564919,-100.978208024406
207,0,47.46,67.6316915902484,-100.985333883982
207,0,54.24,67.6119449905874,-100.99242986476
207,0,61.02,67.5922340652612,-100.999496153962
207,0,67.8,67.5725587223214,-101.006532937253
207,0,74.58,67.5529188701178,-101.013540398757
207,0,81.36,67.533314417297,-101.020518721066
207,0,88.14,67.5137452728019,-101.027468085266
207,0,94.92,67.9790583139943,-101.034388670945
207,0,101.7,67.9686988553142,-101.041280656209
207,0,108.48,67.9583707212758,-101.048144217703
207,0,115.26,67.9480737706281,-101.054979530617
207,0,122.04,67.9378078629641,-101.061786768711
207,0,128.82,67.9275728587145,-101.068566104321
207,0,135.6,67.9173686191412,-100.42754189588
207,0,142.38,67.9071950063318,-101.470884266729
207,0,149.16,67.897051883193,-100.527099753033
207,0,155.94,67.8869391134445,-100.525284600953
207,0,162.72,67.8768565616133,-100.523467276446
207,0,169.5,67.8668040930277,-100.521647775604
207,0,176.28,67.8567815738113,-100.51982609451
207,0,183.06,67.8467888708773,-100.518002229237
207,0,189.84,68.1350496223954,-100.516176175848
207,0,196.62,68.1335745787257,-100.5143479304
207,0,203.4,68.1320976716207,-100.512517488937
207,0,210.18,68.1306188975557,-100.510684847494
207,0,216.96,68.1291382529969,-100.508850002097
207,0,223.74,68.1276557344019,-100.507012948763
207,0,230.52,68.1261713382191,-100.505173683499
207,0,237.3,68.124685060888,-100.503332202302
207,0,244.08,68.1231968988392,-100.501488501159
207,0,250.86,68.1217068484941,-100.49964257605
207,0,257.64,68.115437928431,-100.511455875891
207,0,264.42,68.121380950652,-100.514394833918
207,0,271.2,68.1273316750183,-100.51733968618
207,0,277.98,68.1332901164012,-100.520290450395
207,0,284.76,68.1392562897102,-100.52324714435
207,0,291.54,68.1452302098929,-100.526209785905
207,0,298.32,68.1656535644824,-100.316399105248
207,0,305.1,68.17736862048,-100.321198418867
207,0,311.88,68.1890694001456,-100.325995464376
207,0,318.66,68.200755928605,-100.435818386352
207,0,325.44,68.2124282309277,-100.453250226471
207,0,332.22,68.2240863321268,-100.470603607574
207,0,339,68.2357302571591,-100.487879055167
207,0,345.78,68.0905677311758,-100.567411818533
207,0,352.56,68.0838276707426,-100.566379993791
207,0,359.34,68.0770865435337,-100.565349772966
207,0,366.12,68.0703443494851,-100.564321152341
207,0,372.9,67.87495090233,-100.563294128209
207,0,379.68,67.8927402303211,-100.562268696877
207,0,386.46,67.9105317870098,-100.56124485466
207,0,393.24,67.9283255693534,-100.560222597887
207,0,400.02,67.9461215743065,-100.559201922898
207,0,406.8,67.9639197988212,-100.558182826042
207,0,413.58,67.981720239847,-100.557165303683
207,0,420.36,67.9995228943313,-100.556149352192
207,0,427.14,68.0173277592187,-100.555134967955
207,0,433.92,68.0328450416727,-100.554122147367
207,0,440.7,68.0425629412612,-100.553110886834
207,0,447.48,68.0522790653454,-100.438136133909
207,0,454.26,68.0619934138399,-100.426506308198
207,0,461.04,67.9986418556694,-100.414853431937
207,0,467.82,67.9912362797856,-100.40317743749
207,0,474.6,67.9838352796203,-100.976690779707
207,0,481.38,67.976438851175,-100.479628744611
207,0,488.16,67.9690469904559,-100.5277490832
207,0,494.94,67.9616596934732,-100.575770967399
207,0,501.72,67.9542769562418,-100.623694631718
207,0,508.5,67.9468987747806,-100.67152031026
207,0,515.28,67.9395251451129,-100.719248236719
207,0,522.06,67.9321560632663,-100.766878644377
207,0,528.84,67.8930687359257,-100.814411766102
207,0,535.62,67.9021748627742,-100.86184783435
207,0,542.4,67.9112792418329,-100.90918708116
207,0,549.18,67.9839133717734,-100.624188888154
207,0,555.96,67.9840115258667,-100.639140337733
207,0,562.74,67.984110393334,-100.654142083104
207,0,569.52,67.9842099809965,-100.669194376456
207,0,576.3,67.984310295763,-100.684297471653
207,0,583.08,67.8441721735093,-100.699451624247
207,0,589.86,67.835826564708,-100.438216718076
207,0,596.64,67.8274731995747,-100.45150820708
207,0,603.42,67.8191120676037,-100.464796261375
207,0,610.2,67.5320576873407,-100.47808088087
207,0,616.98,67.5748519376308,-100.49136206548
207,0,623.76,67.6177543456551,-100.504639815119
207,0,630.54,67.6607652736281,-100.517914129705
207,0,637.32,67.7038850851097,-100.531185009153
207,0,644.1,67.7471141450092,-100.544452453385
207,0,650.88,67.7904528195895,-100.55771646232
207,0,657.66,67.8339014764715,-100.570977035882
207,0,664.44,67.8774604846379,-100.584234173994
207,0,671.22,67.9211302144378,-100.597487876581
207,0,678,67.9649110375903,-100.610738143571
